001	내부 PPT용\0_기본 로고.png
002	내부 PPT용\1_1_게임 구성.png
003	내부 PPT용\1_2_1_흑막 존재.png
004	내부 PPT용\1_2_2_흑막 존재.png
005	내부 PPT용\1_3_상금 구조.png
006	내부 PPT용\1_4_승리 상금.png
007	내부 PPT용\1_5_흑막 현상금 분배.png
008	내부 PPT용\1_6_간단 정리.png
009	내부 PPT용\0_기본 로고.png
010	내부 PPT용\2_1_육면오목2 세부 내용.png
011	내부 PPT용\2_2_육면오목2 소개.png
012	내부 PPT용\0_기본 로고.png
013	내부 PPT용\3_1_1_흑막퀴즈쇼 소개.png
014	내부 PPT용\3_1_2_흑막퀴즈쇼 소개.png
015	내부 PPT용\3_1_3_흑막퀴즈쇼 소개.png
016	내부 PPT용\3_2_1_흑막퀴즈쇼 투표.png
017	내부 PPT용\3_2_2_흑막퀴즈쇼 투표.png
018	내부 PPT용\3_2_3_흑막퀴즈쇼 투표.png
019	내부 PPT용\3_2_4_흑막퀴즈쇼 투표.png
020	내부 PPT용\3_3_1_흑막퀴즈쇼 라운드.png
021	내부 PPT용\3_3_2_흑막퀴즈쇼 라운드.png
022	내부 PPT용\3_3_3_흑막퀴즈쇼 라운드.png
023	내부 PPT용\3_4_1_흑막퀴즈쇼 점수표.png
024	내부 PPT용\3_4_2_흑막퀴즈쇼 점수표.png
025	내부 PPT용\0_기본 로고.png
026	흑막 퀴즈쇼 문제\1R 1번 문제.png
027	흑막 퀴즈쇼 문제\1R 1번 문제_정답.png
028	흑막 퀴즈쇼 문제\1R 2번 문제.png
029	흑막 퀴즈쇼 문제\1R 2번 문제_정답.png
030	흑막 퀴즈쇼 문제\1R 3번 문제.png
031	흑막 퀴즈쇼 문제\1R 3번 문제_정답.png
032	흑막 퀴즈쇼 문제\2R 1번 문제.png
033	흑막 퀴즈쇼 문제\2R 1번 문제_정답.png
034	흑막 퀴즈쇼 문제\2R 2번 문제.png
035	흑막 퀴즈쇼 문제\2R 2번 문제_정답.png
036	흑막 퀴즈쇼 문제\2R 3번 문제.png
037	흑막 퀴즈쇼 문제\2R 3번 문제_정답.png
038	흑막 퀴즈쇼 문제\3R 1번 문제.png
039	흑막 퀴즈쇼 문제\3R 1번 문제_정답.png
040	흑막 퀴즈쇼 문제\3R 2번 문제.png
041	흑막 퀴즈쇼 문제\3R 2번 문제_정답.png
042	흑막 퀴즈쇼 문제\3R 3번 문제.png
043	흑막 퀴즈쇼 문제\3R 3번 문제_정답.png
044	흑막 퀴즈쇼 문제\4R 1번 문제.png
045	흑막 퀴즈쇼 문제\4R 1번 문제_정답.png
046	흑막 퀴즈쇼 문제\4R 2번 문제.png
047	흑막 퀴즈쇼 문제\4R 2번 문제_정답.png
048	흑막 퀴즈쇼 문제\4R 3번 문제.png
049	흑막 퀴즈쇼 문제\4R 3번 문제_정답.png
050	내부 PPT용\0_기본 로고.png
051	내부 PPT용\4_1_1_흑막 캐치마인드.png
052	내부 PPT용\4_1_2_흑막 캐치마인드.png
053	내부 PPT용\4_1_3_흑막 캐치마인드.png
054	내부 PPT용\4_1_4_흑막 캐치마인드.png
055	내부 PPT용\4_1_5_흑막 캐치마인드.png
056	내부 PPT용\4_2_1_흑막 캐치마인드 정리.png
057	내부 PPT용\0_기본 로고.png
058	내부 PPT용\5_1_1_흑막의 미로.png
059	내부 PPT용\5_1_2_흑막의 미로.png
060	내부 PPT용\5_1_3_흑막의 미로.png
061	내부 PPT용\5_2_1_흑막의 미로.png
062	내부 PPT용\5_2_2_흑막의 미로.png
063	내부 PPT용\5_2_3_흑막의 미로.png
064	내부 PPT용\0_기본 로고.png
